text_length,sa_memory_bytes,construction_peak_kb,current_kb
1000,4000,102.052734375,40.169921875
5000,20000,676.630859375,298.240234375
10000,40000,1408.896484375,558.716796875
20000,80000,2797.771484375,1047.615234375
