construction_peak_kb,sa_memory_bytes,search_peak_kb,text_length,total_peak_kb
102.052734375,4000,0.396484375,1000,102.44921875
676.630859375,20000,0.396484375,5000,677.02734375
1408.896484375,40000,0.396484375,10000,1409.29296875
