dataset,text_length,construction_time_s,construction_time_ms
lambda_phage,48502,0.11755675899985363,117.55675899985363
ecoli,4641652,61.35198721299821,61351.98721299821
salmonella,4857450,67.50366297900109,67503.66297900109
