construction_time_ms,construction_time_s,dataset,mean_construction_time_ms,sa_memory_bytes,std_dev_ms,text_length,time_per_char_us
94.49468300226727,0.09449468300226727,lambda_phage,,,,48502,
59496.369239997875,59.496369239997875,ecoli,,,,4641652,
67975.7758079977,67.9757758079977,salmonella,,,,4857450,
,,,1.3554173334947943,4000,0.07505080236506105,1000,1.3554173334947943
,,,15.499880668357946,20000,8.124308533625692,5000,3.099976133671589
,,,20.64966433196484,40000,2.1610896718584547,10000,2.064966433196484
,,,105.58406966811162,200000,9.571142185271784,50000,2.1116813933622325
,,,320.2051143331725,400000,13.83188142520469,100000,3.202051143331725
,,,4163.563540667383,2000000,43.8577397378436,500000,8.327127081334766
