text_length,num_runs,mean_construction_time_ms,std_dev_ms,sa_memory_bytes,time_per_char_us
1000,3,1.34707533531279,0.05599139800051212,4000,1.34707533531279
5000,3,8.902027334746284,2.260564584217056,20000,1.7804054669492568
10000,3,19.44324833311839,3.8903916212280434,40000,1.944324833311839
