avg_time_per_pattern_ms,dataset,num_patterns,pattern_length,patterns_per_sec,search_time_ms,text_length,total_matches
0.05168899951968342,ecoli,1,50,19346.476219165263,0.05168899951968342,4641652,1
0.03555100010999013,ecoli,5,50,28128.603890358394,0.17775500054995064,4641652,5
0.032964400088530965,ecoli,10,50,30335.756067586433,0.32964400088530965,4641652,10
0.028744049996021204,ecoli,20,50,34789.80867826286,0.5748809999204241,4641652,20
0.023987019994820002,ecoli,50,50,41689.2135920156,1.1993509997410001,4641652,59
0.02259893999507767,ecoli,100,50,44249.86305631204,2.259893999507767,4641652,102
