text_length,pattern_length,construction_time_ms,search_time_ms,total_time_ms,num_matches
1000,20,1.43226700311061,0.011303000064799562,1.4435700031754095,1
5000,20,7.191196000349009,0.0106189982034266,7.201814998552436,1
10000,20,20.486862998950528,0.01893900116556324,20.50580200011609,1
