avg_time_per_pattern_ms,dataset,num_patterns,pattern_length,patterns_per_sec,search_time_ms,text_length,total_matches
0.04825200085178949,ecoli,1,50,20724.529187330347,0.04825200085178949,4641652,1
0.02509300029487349,ecoli,5,50,39851.75101617085,0.12546500147436745,4641652,5
0.022694500148645602,ecoli,10,50,44063.539335528374,0.22694500148645602,4641652,12
0.020848799977102317,ecoli,20,50,47964.39128862445,0.41697599954204634,4641652,20
0.019603780019679107,ecoli,50,50,51010.570359193865,0.9801890009839553,4641652,50
0.018702390007092617,ecoli,100,50,53469.10205705068,1.8702390007092617,4641652,100
