num_patterns,pattern_length,text_length,search_time_ms,avg_time_per_pattern_ms,total_matches,patterns_per_sec
1,20,48502,0.020264000340830535,0.020264000340830535,1,49348.59766978341
5,20,48502,0.034933000279124826,0.006986600055824965,5,143131.13560382868
10,20,48502,0.06120600301073864,0.006120600301073864,10,163382.66686431871
20,20,48502,0.12014499952783808,0.006007249976391904,20,166465.52148319682
50,20,48502,0.2964080013043713,0.005928160026087426,50,168686.4044829097
