pattern_length,text_length,lps_memory_bytes,preprocessing_peak_kb,search_peak_kb,total_peak_kb,num_matches
10,4641652,80,0.234375,0.33984375,0.57421875,6
50,4641652,400,0.5390625,0.15234375,0.69140625,1
100,4641652,800,0.921875,0.15234375,1.07421875,1
500,4641652,4000,4.12109375,0.2109375,4.33203125,1
1000,4641652,8000,8.01953125,0.2109375,8.23046875,1
5000,4641652,40000,39.25390625,0.2109375,39.46484375,1
10000,4641652,80000,78.30859375,0.2109375,78.51953125,1
