pattern_type,description,pattern_length,gc_content,preprocessing_time_us,mean_search_time_ms,std_dev_ms,num_matches
random,Random subsequence from genome,100,0.59,6.868001946713775,339.79413229972124,22.377945818076793,1
repeat_A,High A content (80%),100,0.2,7.5169991760049015,306.43241410034534,1.1674630704093987,0
repeat_AT,Alternating AT pattern,100,0.0,5.062000127509236,298.2328090994997,0.841352357610313,0
low_complexity,Low complexity (AAATAAATAAAT...),100,0.0,7.03200203133747,300.3716445000464,6.847883473329411,0
high_GC,High GC content (80%),100,0.8,6.082998879719526,298.9241190996836,5.693032591397486,0
