num_patterns,pattern_length,text_length,total_time_ms,avg_time_per_pattern_ms,total_matches,patterns_per_sec
1,50,4641652,366.2958240020089,366.2958240020089,1,2.73003385371523
5,50,4641652,1729.2956599994795,345.8591319998959,5,2.8913505744885204
10,50,4641652,3423.3238870001514,342.33238870001514,10,2.9211375639840407
20,50,4641652,6919.9589759991795,345.997948799959,20,2.8901905443900673
50,50,4641652,17161.253746999137,343.22507493998273,52,2.9135400441674104
100,50,4641652,34652.71913600009,346.52719136000087,103,2.8857764265925034
