text_length,pattern_length,mean_search_time_ms,throughput_mbps,time_per_char_ns
1000,50,0.0719333991582971,13.257740181408474,71.9333991582971
5000,50,0.36831140096182935,12.946576102664357,73.66228019236587
10000,50,0.7389329999568872,12.90609996389242,73.89329999568872
50000,50,3.6615027995139826,13.022990403459994,73.23005599027965
100000,50,7.564076201379066,12.607941684040387,75.64076201379066
500000,50,36.8536995993054,12.938651027917755,73.7073991986108
1000000,50,73.57880400086287,12.96126417595842,73.57880400086289
4641652,50,348.4594482011744,12.70341303972938,75.07229068469036
