mutation_rate,pattern_length,edit_distance,within_threshold,mean_runtime,threshold
0.0,30,0,True,0.004658053802268114,3
0.01,30,1,True,0.005105747397465166,3
0.02,30,1,True,0.004665859001397621,3
0.05,30,1,True,0.005468683398794383,3
0.1,30,2,True,0.005045448198507075,3
0.15,30,3,True,0.005000971401750575,3
0.2,30,5,False,0.004470600000058766,3
