text_length,pattern_length,mean_runtime,throughput_bp_s
1000,30,0.009056775668189706,110414.57099487624
2000,30,0.009175552668845436,217970.52146959785
5000,30,0.010208781665520897,489774.4083299364
10000,30,0.010813386000033157,924779.7128456653
20000,30,0.01138795633596601,1756241.366752962
