pattern_count,pattern_length,total_runtime,mean_latency,throughput_patterns_s
5,30,0.053669799999624956,0.010733959999924991,93.16226257662484
10,30,0.09247711900388822,0.009247711900388821,108.13485657549029
20,30,0.15991483199468348,0.007995741599734174,125.0665729409322
50,30,0.3425645919996896,0.006851291839993791,145.95787529624576
100,30,0.8389971629949287,0.008389971629949287,119.18991435326755
