{
  "metadata": {
    "timestamp": "2025-11-27T20:58:28.533986",
    "num_runs": 5,
    "description": "Comparison of Shift-Or/Bitap vs Python re module"
  },
  "comparisons": [
    {
      "dataset": "E. coli K-12",
      "pattern": "TTCCA",
      "pattern_length": 5,
      "text_length": 100000,
      "shift_or": {
        "algorithm": "Shift-Or/Bitap",
        "preprocess_time_ms": 0.012199991033412516,
        "search_time_ms": 114.67669999983627,
        "search_time_median_ms": 115.08040000626352,
        "search_time_std_ms": 1.722398121677031,
        "num_matches": 130,
        "matches": [
          1161,
          1262,
          1420,
          2000,
          2049,
          2823,
          3038,
          4027,
          6069,
          6966
        ],
        "throughput_bps": 872016.7217939021
      },
      "regex": {
        "algorithm": "Python re",
        "preprocess_time_ms": 0.000600004568696022,
        "search_time_ms": 0.20793999719899148,
        "search_time_median_ms": 0.20789999689441174,
        "search_time_std_ms": 0.009144564259617544,
        "num_matches": 130,
        "matches": [
          1161,
          1262,
          1420,
          2000,
          2049,
          2823,
          3038,
          4027,
          6069,
          6966
        ],
        "throughput_bps": 480907960.69552416
      },
      "memory": {
        "shift_or_peak_kb": 142.5302734375,
        "regex_peak_kb": 5.3623046875
      },
      "correctness": true,
      "speedup": 0.0018132715468729772,
      "winner": "Python re"
    },
    {
      "dataset": "E. coli K-12",
      "pattern": "TTCCAGCCAG",
      "pattern_length": 10,
      "text_length": 100000,
      "shift_or": {
        "algorithm": "Shift-Or/Bitap",
        "preprocess_time_ms": 0.022200008970685303,
        "search_time_ms": 110.4836400016211,
        "search_time_median_ms": 112.50570000265725,
        "search_time_std_ms": 7.426500075521715,
        "num_matches": 1,
        "matches": [
          2000
        ],
        "throughput_bps": 905111.3811830668
      },
      "regex": {
        "algorithm": "Python re",
        "preprocess_time_ms": 0.000300002284348011,
        "search_time_ms": 0.19754000240936875,
        "search_time_median_ms": 0.2018000086536631,
        "search_time_std_ms": 0.011096305807530927,
        "num_matches": 1,
        "matches": [
          2000
        ],
        "throughput_bps": 506226580.84597296
      },
      "memory": {
        "shift_or_peak_kb": 137.54296875,
        "regex_peak_kb": 0.6201171875
      },
      "correctness": true,
      "speedup": 0.001787957044196501,
      "winner": "Python re"
    },
    {
      "dataset": "E. coli K-12",
      "pattern": "TTCCAGCCAGGCAGT",
      "pattern_length": 15,
      "text_length": 100000,
      "shift_or": {
        "algorithm": "Shift-Or/Bitap",
        "preprocess_time_ms": 0.014600009308196604,
        "search_time_ms": 104.29259999946225,
        "search_time_median_ms": 103.22530000121333,
        "search_time_std_ms": 3.141468920130521,
        "num_matches": 1,
        "matches": [
          2000
        ],
        "throughput_bps": 958840.7998315855
      },
      "regex": {
        "algorithm": "Python re",
        "preprocess_time_ms": 0.000500003807246685,
        "search_time_ms": 0.19465999794192612,
        "search_time_median_ms": 0.20250001398380846,
        "search_time_std_ms": 0.015340568359141177,
        "num_matches": 1,
        "matches": [
          2000
        ],
        "throughput_bps": 513716228.58967406
      },
      "memory": {
        "shift_or_peak_kb": 137.4931640625,
        "regex_peak_kb": 0.6201171875
      },
      "correctness": true,
      "speedup": 0.0018664794812185122,
      "winner": "Python re"
    },
    {
      "dataset": "E. coli K-12",
      "pattern": "TTCCAGCCAGGCAGTGGCGG",
      "pattern_length": 20,
      "text_length": 100000,
      "shift_or": {
        "algorithm": "Shift-Or/Bitap",
        "preprocess_time_ms": 0.012499993317760527,
        "search_time_ms": 104.49910000315867,
        "search_time_median_ms": 103.44210000766907,
        "search_time_std_ms": 1.984815533913346,
        "num_matches": 1,
        "matches": [
          2000
        ],
        "throughput_bps": 956946.0406546785
      },
      "regex": {
        "algorithm": "Python re",
        "preprocess_time_ms": 0.000500003807246685,
        "search_time_ms": 0.19508000114001334,
        "search_time_median_ms": 0.19489999976940453,
        "search_time_std_ms": 0.01663466421815751,
        "num_matches": 1,
        "matches": [
          2000
        ],
        "throughput_bps": 512610208.1998028
      },
      "memory": {
        "shift_or_peak_kb": 137.443359375,
        "regex_peak_kb": 0.6201171875
      },
      "correctness": true,
      "speedup": 0.0018668103470184593,
      "winner": "Python re"
    },
    {
      "dataset": "E. coli K-12",
      "pattern": "TTCCAGCCAGGCAGTGGCGGATCAATATGC",
      "pattern_length": 30,
      "text_length": 100000,
      "shift_or": {
        "algorithm": "Shift-Or/Bitap",
        "preprocess_time_ms": 0.015300000086426735,
        "search_time_ms": 104.71270000271033,
        "search_time_median_ms": 104.2310000048019,
        "search_time_std_ms": 0.9929846823440623,
        "num_matches": 1,
        "matches": [
          2000
        ],
        "throughput_bps": 954993.9978380048
      },
      "regex": {
        "algorithm": "Python re",
        "preprocess_time_ms": 0.000400003045797348,
        "search_time_ms": 0.18839999684132636,
        "search_time_median_ms": 0.18799999088514596,
        "search_time_std_ms": 0.012294307941154301,
        "num_matches": 1,
        "matches": [
          2000
        ],
        "throughput_bps": 530785571.5317325
      },
      "memory": {
        "shift_or_peak_kb": 137.45703125,
        "regex_peak_kb": 0.6201171875
      },
      "correctness": true,
      "speedup": 0.0017992086617616572,
      "winner": "Python re"
    },
    {
      "dataset": "Lambda Phage",
      "pattern": "CGCCA",
      "pattern_length": 5,
      "text_length": 48502,
      "shift_or": {
        "algorithm": "Shift-Or/Bitap",
        "preprocess_time_ms": 0.0044000043999403715,
        "search_time_ms": 28.364179996424355,
        "search_time_median_ms": 27.87989999342244,
        "search_time_std_ms": 0.9468082076670001,
        "num_matches": 72,
        "matches": [
          445,
          1350,
          1553,
          2000,
          3044,
          3050,
          3647,
          3671,
          5143,
          5430
        ],
        "throughput_bps": 1709973.6359772875
      },
      "regex": {
        "algorithm": "Python re",
        "preprocess_time_ms": 0.000400003045797348,
        "search_time_ms": 0.09064000332728028,
        "search_time_median_ms": 0.08349999552592635,
        "search_time_std_ms": 0.024724744859844782,
        "num_matches": 72,
        "matches": [
          445,
          1350,
          1553,
          2000,
          3044,
          3050,
          3647,
          3671,
          5143,
          5430
        ],
        "throughput_bps": 535105893.86090815
      },
      "memory": {
        "shift_or_peak_kb": 69.6337890625,
        "regex_peak_kb": 3.2138671875
      },
      "correctness": true,
      "speedup": 0.003195579894737184,
      "winner": "Python re"
    },
    {
      "dataset": "Lambda Phage",
      "pattern": "CGCCACGACG",
      "pattern_length": 10,
      "text_length": 48502,
      "shift_or": {
        "algorithm": "Shift-Or/Bitap",
        "preprocess_time_ms": 0.017099999240599573,
        "search_time_ms": 28.94306000089273,
        "search_time_median_ms": 28.52760000678245,
        "search_time_std_ms": 0.627500466534559,
        "num_matches": 1,
        "matches": [
          2000
        ],
        "throughput_bps": 1675773.052279337
      },
      "regex": {
        "algorithm": "Python re",